text,label
Absolutely fantastic experience,1
Absolutely fantastic experience,1
Top-notch experience,1
Top-notch experience,1
Absolutely fantastic experience,1
Absolutely fantastic experience,1
Highly recommended,1
Absolutely fantastic experience,1
Excellent service,1
Very satisfied,1
Absolutely fantastic experience,1
Excellent service,1
This is amazing,1
I love this product,1
Highly recommended,1
This is amazing,1
I am very happy with this,1
I enjoyed using this,1
Highly recommended,1
Top-notch experience,1
Top-notch experience,1
This is amazing,1
Superb quality,1
Absolutely fantastic experience,1
Top-notch experience,1
I love this product,1
I enjoyed using this,1
Excellent service,1
Top-notch experience,1
This is amazing,1
This is amazing,1
Very satisfied,1
Superb quality,1
Very satisfied,1
I love this product,1
Excellent service,1
Superb quality,1
Superb quality,1
Superb quality,1
Very satisfied,1
Very satisfied,1
Excellent service,1
Highly recommended,1
Excellent service,1
Superb quality,1
Absolutely fantastic experience,1
Highly recommended,1
Top-notch experience,1
I enjoyed using this,1
This is amazing,1
Absolutely fantastic experience,1
I am very happy with this,1
I am very happy with this,1
Very satisfied,1
I love this product,1
I love this product,1
Absolutely fantastic experience,1
I enjoyed using this,1
Absolutely fantastic experience,1
This is amazing,1
I love this product,1
I love this product,1
Excellent service,1
Top-notch experience,1
Superb quality,1
I enjoyed using this,1
I enjoyed using this,1
Very satisfied,1
I am very happy with this,1
Excellent service,1
Superb quality,1
Superb quality,1
I am very happy with this,1
Excellent service,1
Absolutely fantastic experience,1
I love this product,1
Highly recommended,1
Very satisfied,1
Superb quality,1
I am very happy with this,1
Very satisfied,1
I enjoyed using this,1
I love this product,1
Superb quality,1
Top-notch experience,1
Top-notch experience,1
Highly recommended,1
Superb quality,1
Excellent service,1
Absolutely fantastic experience,1
I love this product,1
Excellent service,1
Very satisfied,1
Highly recommended,1
I am very happy with this,1
Very satisfied,1
I enjoyed using this,1
Superb quality,1
Absolutely fantastic experience,1
Superb quality,1
Superb quality,1
I love this product,1
Highly recommended,1
I am very happy with this,1
Very satisfied,1
Absolutely fantastic experience,1
Top-notch experience,1
I am very happy with this,1
This is amazing,1
Highly recommended,1
I love this product,1
I enjoyed using this,1
Superb quality,1
Very satisfied,1
Excellent service,1
Superb quality,1
Top-notch experience,1
I am very happy with this,1
Very satisfied,1
I enjoyed using this,1
I am very happy with this,1
Superb quality,1
Very satisfied,1
I enjoyed using this,1
Highly recommended,1
Absolutely fantastic experience,1
Highly recommended,1
Absolutely fantastic experience,1
Excellent service,1
Absolutely fantastic experience,1
I am very happy with this,1
Superb quality,1
I love this product,1
Top-notch experience,1
Top-notch experience,1
Very satisfied,1
Highly recommended,1
I enjoyed using this,1
I love this product,1
Highly recommended,1
Very satisfied,1
I love this product,1
I am very happy with this,1
Highly recommended,1
I am very happy with this,1
Top-notch experience,1
Absolutely fantastic experience,1
Highly recommended,1
Top-notch experience,1
Absolutely fantastic experience,1
Superb quality,1
Superb quality,1
Very satisfied,1
Top-notch experience,1
Very satisfied,1
I enjoyed using this,1
Excellent service,1
I am very happy with this,1
Absolutely fantastic experience,1
Very satisfied,1
I enjoyed using this,1
This is amazing,1
Highly recommended,1
Highly recommended,1
I enjoyed using this,1
Superb quality,1
Highly recommended,1
Top-notch experience,1
Top-notch experience,1
Top-notch experience,1
Excellent service,1
Superb quality,1
I enjoyed using this,1
Very satisfied,1
Excellent service,1
Very satisfied,1
I love this product,1
I enjoyed using this,1
I am very happy with this,1
Top-notch experience,1
Very satisfied,1
I am very happy with this,1
This is amazing,1
Highly recommended,1
Absolutely fantastic experience,1
Very satisfied,1
Top-notch experience,1
Very satisfied,1
I enjoyed using this,1
Highly recommended,1
Excellent service,1
Very satisfied,1
Superb quality,1
Top-notch experience,1
Very satisfied,1
I am very happy with this,1
Excellent service,1
Superb quality,1
Top-notch experience,1
Top-notch experience,1
Superb quality,1
I am very happy with this,1
I love this product,1
This is amazing,1
Very satisfied,1
I enjoyed using this,1
Very satisfied,1
I love this product,1
Excellent service,1
I love this product,1
This is amazing,1
Absolutely fantastic experience,1
Absolutely fantastic experience,1
I enjoyed using this,1
Superb quality,1
I love this product,1
Excellent service,1
Absolutely fantastic experience,1
Highly recommended,1
Superb quality,1
Excellent service,1
Superb quality,1
Highly recommended,1
Top-notch experience,1
Absolutely fantastic experience,1
Superb quality,1
Highly recommended,1
I am very happy with this,1
Superb quality,1
This is amazing,1
I enjoyed using this,1
Top-notch experience,1
Very satisfied,1
I enjoyed using this,1
Very satisfied,1
This is amazing,1
I am very happy with this,1
Very satisfied,1
I love this product,1
I love this product,1
Excellent service,1
Absolutely fantastic experience,1
Highly recommended,1
Excellent service,1
I enjoyed using this,1
I am very happy with this,1
This is amazing,1
I am very happy with this,1
Superb quality,1
Absolutely fantastic experience,1
Very disappointing,0
I will never use this again,0
This is terrible,0
Not worth the money,0
This is terrible,0
I will never use this again,0
Regret buying this,0
Awful service,0
Worst experience ever,0
Very disappointing,0
Extremely bad,0
Extremely bad,0
Awful service,0
I will never use this again,0
Very disappointing,0
Awful service,0
Awful service,0
Very disappointing,0
Not worth the money,0
Very disappointing,0
I will never use this again,0
This is terrible,0
Extremely bad,0
Very disappointing,0
Extremely bad,0
Poor quality,0
Not worth the money,0
Extremely bad,0
Awful service,0
Worst experience ever,0
Extremely bad,0
This is terrible,0
I hate this,0
I hate this,0
Extremely bad,0
I hate this,0
I will never use this again,0
Not worth the money,0
Awful service,0
Not worth the money,0
Worst experience ever,0
This is terrible,0
Poor quality,0
Awful service,0
I hate this,0
Poor quality,0
I hate this,0
Poor quality,0
Not worth the money,0
Regret buying this,0
Poor quality,0
Worst experience ever,0
I will never use this again,0
Awful service,0
Extremely bad,0
This is terrible,0
I will never use this again,0
This is terrible,0
This is terrible,0
I will never use this again,0
Poor quality,0
Extremely bad,0
Regret buying this,0
Poor quality,0
Not worth the money,0
I hate this,0
Very disappointing,0
I hate this,0
Very disappointing,0
Worst experience ever,0
Very disappointing,0
Poor quality,0
Awful service,0
Not worth the money,0
Awful service,0
Worst experience ever,0
I hate this,0
Poor quality,0
Poor quality,0
This is terrible,0
Regret buying this,0
Poor quality,0
I will never use this again,0
Very disappointing,0
Regret buying this,0
Not worth the money,0
Regret buying this,0
I will never use this again,0
Extremely bad,0
This is terrible,0
Awful service,0
Not worth the money,0
I will never use this again,0
Extremely bad,0
I will never use this again,0
Very disappointing,0
Extremely bad,0
Extremely bad,0
Worst experience ever,0
I will never use this again,0
Very disappointing,0
I hate this,0
I hate this,0
I will never use this again,0
This is terrible,0
Regret buying this,0
Regret buying this,0
Awful service,0
Awful service,0
This is terrible,0
Extremely bad,0
Awful service,0
I hate this,0
This is terrible,0
Poor quality,0
I hate this,0
I will never use this again,0
I hate this,0
This is terrible,0
Regret buying this,0
Not worth the money,0
Extremely bad,0
Awful service,0
I will never use this again,0
Very disappointing,0
I will never use this again,0
This is terrible,0
Not worth the money,0
Regret buying this,0
Poor quality,0
Regret buying this,0
This is terrible,0
Awful service,0
Very disappointing,0
Not worth the money,0
Very disappointing,0
I will never use this again,0
Poor quality,0
Not worth the money,0
Not worth the money,0
Poor quality,0
Regret buying this,0
Not worth the money,0
Worst experience ever,0
Regret buying this,0
I hate this,0
Worst experience ever,0
This is terrible,0
I hate this,0
Extremely bad,0
Poor quality,0
Not worth the money,0
Extremely bad,0
I will never use this again,0
Very disappointing,0
Poor quality,0
Awful service,0
I will never use this again,0
Poor quality,0
Not worth the money,0
Poor quality,0
Not worth the money,0
I hate this,0
I hate this,0
I will never use this again,0
Poor quality,0
This is terrible,0
Not worth the money,0
This is terrible,0
Not worth the money,0
Awful service,0
Not worth the money,0
Very disappointing,0
Poor quality,0
This is terrible,0
Very disappointing,0
Regret buying this,0
Very disappointing,0
Extremely bad,0
Worst experience ever,0
Not worth the money,0
This is terrible,0
Very disappointing,0
Awful service,0
Very disappointing,0
Not worth the money,0
Extremely bad,0
Not worth the money,0
Regret buying this,0
Awful service,0
Very disappointing,0
I will never use this again,0
Extremely bad,0
Regret buying this,0
Poor quality,0
This is terrible,0
Very disappointing,0
Very disappointing,0
I hate this,0
Poor quality,0
I hate this,0
Awful service,0
I hate this,0
I hate this,0
Not worth the money,0
Awful service,0
Awful service,0
This is terrible,0
Extremely bad,0
Regret buying this,0
I will never use this again,0
Not worth the money,0
Worst experience ever,0
Poor quality,0
Worst experience ever,0
Worst experience ever,0
Regret buying this,0
Awful service,0
This is terrible,0
Extremely bad,0
Regret buying this,0
Extremely bad,0
I will never use this again,0
Awful service,0
I hate this,0
This is terrible,0
Poor quality,0
Regret buying this,0
Awful service,0
This is terrible,0
I hate this,0
Poor quality,0
I hate this,0
I will never use this again,0
This is terrible,0
Regret buying this,0
Very disappointing,0
I will never use this again,0
Poor quality,0
Regret buying this,0
I hate this,0
This is terrible,0
I hate this,0
Regret buying this,0
Extremely bad,0
Very disappointing,0
Extremely bad,0
Not worth the money,0
I hate this,0
Not worth the money,0
